year,NumberHWDays
0,3.0
1,1.0
2,0.0
3,0.0
4,2.0
5,2.0
6,19.0
7,0.0
8,3.0
9,7.0
10,0.0
11,8.0
12,11.0
13,8.0
14,16.0
15,7.0
16,2.0
17,5.0
18,0.0
19,20.0
20,7.0
21,21.0
22,5.0
23,25.0
24,0.0
25,8.0
26,12.0
27,8.0
28,0.0
29,11.0
30,39.0
31,10.0
32,38.0
33,5.0
34,7.0
35,2.0
36,22.0
37,29.0
38,0.0
39,5.0
40,5.0
41,2.0
42,9.0
43,2.0
44,5.0
45,1.0
46,5.0
47,2.0
48,27.0
49,11.0
50,39.0
51,9.0
52,7.0
53,1.0
54,8.0
55,0.0
56,9.0
57,24.0
58,1.0
59,9.0
60,40.0
61,2.0
62,16.0
63,16.0
64,6.0
65,1.0
66,42.0
67,10.0
68,0.0
69,2.0
70,5.0
71,1.0
72,9.0
73,29.0
74,0.0
75,28.0
76,0.0
77,11.0
78,13.0
79,0.0
80,25.0
81,13.0
82,24.0
83,4.0
84,8.0
85,28.0
86,0.0
87,0.0
88,25.0
89,24.0
90,1.0
91,7.0
92,17.0
93,0.0
94,5.0
95,10.0
96,3.0
97,2.0
98,50.0
99,18.0
100,17.0
101,28.0
102,19.0
103,14.0
104,13.0
105,2.0
106,20.0
107,30.0
108,27.0
109,7.0
110,12.0
111,0.0
112,0.0
113,0.0
114,5.0
115,10.0
116,4.0
117,2.0
118,3.0
119,11.0
120,0.0
121,11.0
122,4.0
123,25.0
124,34.0
125,10.0
126,8.0
127,1.0
128,0.0
129,0.0
130,1.0
131,12.0
132,11.0
133,4.0
134,37.0
135,17.0
136,17.0
137,2.0
138,9.0
139,13.0
140,2.0
141,8.0
142,7.0
143,13.0
144,9.0
145,21.0
146,16.0
147,6.0
148,33.0
149,18.0
150,1.0
151,4.0
152,30.0
153,2.0
154,0.0
155,4.0
156,5.0
157,8.0
158,6.0
159,5.0
160,5.0
161,0.0
162,0.0
163,21.0
164,0.0
165,11.0
166,4.0
167,7.0
168,8.0
169,0.0
170,3.0
171,0.0
172,1.0
173,4.0
174,2.0
175,32.0
176,10.0
177,9.0
178,1.0
179,7.0
180,2.0
181,9.0
182,0.0
183,18.0
184,12.0
185,4.0
186,16.0
187,7.0
188,9.0
189,17.0
190,15.0
191,25.0
192,3.0
193,16.0
194,7.0
195,16.0
196,12.0
197,3.0
198,37.0
199,5.0
200,34.0
201,8.0
202,23.0
203,2.0
204,23.0
205,4.0
206,17.0
207,21.0
208,26.0
209,0.0
210,0.0
211,23.0
212,8.0
213,28.0
214,4.0
215,0.0
216,1.0
217,9.0
218,5.0
219,8.0
220,8.0
221,19.0
222,6.0
223,24.0
224,5.0
225,0.0
226,12.0
227,7.0
228,9.0
229,14.0
230,13.0
231,5.0
232,13.0
233,2.0
234,0.0
235,8.0
236,29.0
237,1.0
238,10.0
239,8.0
240,11.0
241,5.0
242,3.0
243,8.0
244,0.0
245,5.0
246,13.0
247,3.0
248,5.0
249,16.0
250,14.0
251,3.0
252,2.0
253,7.0
254,4.0
255,7.0
256,21.0
257,27.0
258,54.0
259,0.0
260,4.0
261,33.0
262,2.0
263,14.0
264,21.0
265,10.0
266,2.0
267,3.0
268,3.0
269,2.0
270,4.0
271,10.0
272,12.0
273,9.0
274,16.0
275,26.0
276,1.0
277,10.0
278,27.0
279,5.0
280,41.0
281,6.0
282,0.0
283,17.0
284,4.0
285,2.0
286,10.0
287,32.0
288,7.0
289,0.0
290,10.0
291,26.0
292,14.0
293,10.0
294,0.0
295,18.0
296,3.0
297,28.0
298,32.0
299,4.0
300,3.0
301,5.0
302,12.0
303,2.0
304,0.0
305,3.0
306,8.0
307,5.0
308,2.0
309,16.0
310,22.0
311,7.0
312,7.0
313,4.0
314,10.0
315,0.0
316,2.0
317,5.0
318,3.0
319,7.0
320,2.0
321,9.0
322,8.0
323,16.0
324,28.0
325,13.0
326,28.0
327,16.0
328,5.0
329,5.0
330,1.0
331,0.0
332,6.0
333,35.0
334,2.0
335,2.0
336,8.0
337,3.0
338,18.0
339,17.0
340,8.0
341,4.0
342,6.0
343,7.0
344,36.0
345,8.0
346,6.0
347,10.0
348,7.0
349,7.0
350,8.0
351,0.0
352,11.0
353,9.0
354,32.0
355,4.0
356,14.0
357,7.0
358,5.0
359,4.0
360,18.0
361,6.0
362,11.0
363,23.0
364,15.0
365,4.0
366,7.0
367,7.0
368,18.0
369,5.0
370,2.0
371,2.0
372,5.0
373,6.0
374,12.0
375,3.0
376,10.0
377,6.0
378,27.0
379,1.0
380,16.0
381,17.0
382,15.0
383,9.0
384,12.0
385,5.0
386,16.0
387,6.0
388,4.0
389,10.0
390,7.0
391,3.0
392,6.0
393,0.0
394,10.0
395,7.0
396,27.0
397,21.0
398,0.0
399,20.0
400,4.0
401,23.0
402,18.0
403,9.0
404,21.0
405,5.0
406,23.0
407,1.0
408,23.0
409,32.0
410,1.0
411,11.0
412,6.0
413,2.0
414,13.0
415,18.0
416,10.0
417,0.0
418,13.0
419,10.0
420,6.0
421,0.0
422,6.0
423,2.0
424,33.0
425,15.0
426,4.0
427,0.0
428,5.0
429,4.0
430,0.0
431,0.0
432,2.0
433,8.0
434,15.0
435,7.0
436,32.0
437,4.0
438,8.0
439,36.0
440,9.0
441,4.0
442,20.0
443,24.0
444,0.0
445,2.0
446,1.0
447,17.0
448,12.0
449,3.0
450,29.0
451,5.0
452,3.0
453,23.0
454,8.0
455,3.0
456,25.0
457,46.0
458,17.0
459,0.0
460,25.0
461,1.0
462,23.0
463,3.0
464,1.0
465,11.0
466,14.0
467,0.0
468,12.0
469,10.0
470,10.0
471,1.0
472,11.0
473,3.0
474,4.0
475,7.0
476,1.0
477,7.0
478,16.0
479,13.0
480,8.0
481,4.0
482,7.0
483,10.0
484,0.0
485,8.0
486,3.0
487,1.0
488,2.0
489,0.0
490,36.0
491,0.0
492,12.0
493,17.0
494,5.0
495,0.0
496,18.0
497,7.0
498,6.0
499,3.0
500,4.0
501,4.0
502,0.0
503,11.0
504,24.0
505,1.0
506,29.0
507,1.0
508,0.0
509,0.0
510,33.0
511,1.0
512,1.0
513,34.0
514,16.0
515,14.0
516,1.0
517,5.0
518,4.0
519,13.0
520,17.0
521,2.0
522,5.0
523,1.0
524,17.0
525,8.0
526,3.0
527,13.0
528,4.0
529,0.0
530,0.0
531,38.0
532,15.0
533,5.0
534,9.0
535,0.0
536,0.0
537,0.0
538,0.0
539,0.0
540,0.0
541,0.0
542,7.0
543,0.0
544,10.0
545,11.0
546,1.0
547,30.0
548,10.0
549,27.0
550,4.0
551,18.0
552,1.0
553,2.0
554,20.0
555,5.0
556,9.0
557,53.0
558,14.0
559,4.0
560,33.0
561,6.0
562,2.0
563,11.0
564,2.0
565,2.0
566,11.0
567,7.0
568,11.0
569,0.0
570,2.0
571,9.0
572,9.0
573,0.0
574,3.0
575,7.0
576,0.0
577,8.0
578,0.0
579,3.0
580,0.0
581,4.0
582,8.0
583,9.0
584,4.0
585,0.0
586,10.0
587,25.0
588,4.0
589,35.0
590,2.0
591,2.0
592,1.0
593,5.0
594,6.0
595,2.0
596,26.0
597,7.0
598,17.0
599,1.0
600,0.0
601,0.0
602,0.0
603,0.0
604,5.0
605,22.0
606,10.0
607,8.0
608,11.0
609,2.0
610,0.0
611,9.0
612,9.0
613,20.0
614,4.0
615,24.0
616,20.0
617,1.0
618,15.0
619,16.0
620,0.0
621,4.0
622,13.0
623,16.0
624,4.0
625,0.0
626,0.0
627,9.0
628,2.0
629,3.0
630,2.0
631,4.0
632,22.0
633,6.0
634,16.0
635,2.0
636,0.0
637,27.0
638,0.0
639,6.0
640,4.0
641,10.0
642,4.0
643,1.0
644,3.0
645,3.0
646,5.0
647,36.0
648,6.0
649,7.0
650,37.0
651,9.0
652,8.0
653,0.0
654,13.0
655,2.0
656,19.0
657,15.0
658,4.0
659,6.0
660,19.0
661,4.0
662,0.0
663,3.0
664,15.0
665,45.0
666,2.0
667,8.0
668,2.0
669,2.0
670,6.0
671,1.0
672,11.0
673,3.0
674,0.0
675,8.0
676,0.0
677,12.0
678,1.0
679,26.0
680,6.0
681,10.0
682,0.0
683,16.0
684,0.0
685,12.0
686,24.0
687,3.0
688,10.0
689,3.0
690,7.0
691,6.0
692,5.0
693,9.0
694,0.0
695,8.0
696,5.0
697,8.0
698,0.0
699,6.0
700,22.0
701,11.0
702,5.0
703,5.0
704,3.0
705,6.0
706,8.0
707,3.0
708,7.0
709,6.0
710,0.0
711,12.0
712,2.0
713,9.0
714,10.0
715,0.0
716,2.0
717,10.0
718,9.0
719,2.0
720,3.0
721,0.0
722,4.0
723,1.0
724,1.0
725,22.0
726,0.0
727,9.0
728,2.0
729,2.0
730,29.0
731,2.0
732,14.0
733,9.0
734,21.0
735,19.0
736,29.0
737,33.0
738,0.0
739,11.0
740,2.0
741,4.0
742,9.0
743,25.0
744,15.0
745,15.0
746,13.0
747,0.0
748,2.0
749,8.0
750,4.0
751,1.0
752,1.0
753,0.0
754,7.0
755,19.0
756,1.0
757,6.0
758,7.0
759,9.0
760,14.0
761,13.0
762,6.0
763,0.0
764,7.0
765,6.0
766,3.0
767,6.0
768,1.0
769,2.0
770,0.0
771,10.0
772,0.0
773,0.0
774,7.0
775,2.0
776,3.0
777,5.0
778,1.0
779,45.0
780,0.0
781,6.0
782,1.0
783,2.0
784,2.0
785,7.0
786,20.0
787,5.0
788,3.0
789,8.0
790,3.0
791,10.0
792,20.0
793,22.0
794,0.0
795,15.0
796,12.0
797,0.0
798,2.0
799,5.0
800,3.0
801,0.0
802,1.0
803,5.0
804,27.0
805,20.0
806,8.0
807,25.0
808,0.0
809,7.0
810,7.0
811,19.0
812,4.0
813,0.0
814,3.0
815,9.0
816,0.0
817,1.0
818,15.0
819,13.0
820,15.0
821,0.0
822,2.0
823,8.0
824,44.0
825,2.0
826,3.0
827,9.0
828,2.0
829,2.0
830,17.0
831,24.0
832,2.0
833,1.0
834,37.0
835,0.0
836,13.0
837,20.0
838,0.0
839,2.0
840,8.0
841,9.0
842,15.0
843,5.0
844,4.0
845,16.0
846,13.0
847,3.0
848,13.0
849,1.0
850,13.0
851,14.0
852,2.0
853,3.0
854,5.0
855,6.0
856,13.0
857,0.0
858,16.0
859,7.0
860,13.0
861,46.0
862,3.0
863,9.0
864,0.0
865,8.0
866,5.0
867,2.0
868,1.0
869,7.0
870,11.0
871,16.0
872,0.0
873,1.0
874,7.0
875,6.0
876,9.0
877,1.0
878,3.0
879,8.0
880,2.0
881,12.0
882,15.0
883,9.0
884,7.0
885,22.0
886,22.0
887,1.0
888,8.0
889,0.0
890,15.0
891,0.0
892,0.0
893,21.0
894,0.0
895,2.0
896,17.0
897,7.0
898,2.0
899,9.0
900,11.0
901,6.0
902,14.0
903,9.0
904,7.0
905,12.0
906,22.0
907,4.0
908,2.0
909,7.0
910,4.0
911,2.0
912,14.0
913,17.0
914,12.0
915,10.0
916,7.0
917,10.0
918,9.0
919,0.0
920,18.0
921,5.0
922,12.0
923,70.0
924,19.0
925,12.0
926,8.0
927,8.0
928,8.0
929,4.0
930,6.0
931,15.0
932,20.0
933,21.0
934,20.0
935,18.0
936,2.0
937,0.0
938,2.0
939,0.0
940,0.0
941,5.0
942,4.0
943,12.0
944,8.0
945,7.0
946,6.0
947,18.0
948,3.0
949,4.0
950,2.0
951,9.0
952,5.0
953,4.0
954,14.0
955,6.0
956,5.0
957,2.0
958,0.0
959,7.0
960,5.0
961,19.0
962,10.0
963,0.0
964,5.0
965,18.0
966,0.0
967,10.0
968,6.0
969,22.0
970,20.0
971,2.0
972,3.0
973,0.0
974,4.0
975,1.0
976,10.0
977,1.0
978,4.0
979,8.0
980,16.0
981,0.0
982,0.0
983,9.0
984,0.0
985,24.0
986,7.0
987,1.0
988,9.0
989,10.0
990,14.0
991,31.0
992,21.0
993,1.0
994,0.0
995,0.0
996,5.0
997,25.0
998,14.0
999,20.0
1000,3.0
1001,13.0
1002,20.0
1003,10.0
1004,2.0
1005,8.0
1006,5.0
1007,0.0
1008,15.0
1009,2.0
1010,0.0
1011,5.0
1012,11.0
1013,2.0
1014,19.0
1015,15.0
1016,7.0
1017,15.0
1018,13.0
1019,14.0
1020,0.0
1021,1.0
1022,9.0
1023,8.0
1024,19.0
1025,3.0
1026,0.0
1027,12.0
1028,3.0
1029,9.0
1030,5.0
1031,1.0
1032,3.0
1033,11.0
1034,2.0
1035,9.0
1036,20.0
1037,6.0
1038,11.0
1039,0.0
1040,14.0
1041,3.0
1042,5.0
1043,17.0
1044,8.0
1045,13.0
1046,0.0
1047,2.0
1048,2.0
1049,6.0
1050,15.0
1051,26.0
1052,3.0
1053,11.0
1054,4.0
1055,0.0
1056,9.0
1057,8.0
1058,10.0
1059,5.0
1060,3.0
1061,6.0
1062,6.0
1063,6.0
1064,0.0
1065,2.0
1066,10.0
1067,3.0
1068,3.0
1069,1.0
1070,3.0
1071,14.0
1072,16.0
1073,65.0
1074,1.0
1075,6.0
1076,20.0
1077,7.0
1078,1.0
1079,7.0
1080,1.0
1081,13.0
1082,4.0
1083,7.0
1084,1.0
1085,8.0
1086,0.0
1087,13.0
1088,16.0
1089,23.0
1090,32.0
1091,0.0
1092,0.0
1093,4.0
1094,0.0
1095,7.0
1096,8.0
1097,2.0
1098,26.0
1099,2.0
1100,0.0
1101,2.0
1102,4.0
1103,10.0
1104,14.0
1105,2.0
1106,8.0
1107,13.0
1108,0.0
1109,6.0
1110,4.0
1111,15.0
1112,0.0
1113,11.0
1114,4.0
1115,53.0
1116,1.0
1117,4.0
1118,4.0
1119,1.0
1120,17.0
1121,23.0
1122,6.0
1123,8.0
1124,14.0
1125,7.0
1126,11.0
1127,7.0
1128,7.0
1129,2.0
1130,2.0
1131,8.0
1132,21.0
1133,1.0
1134,11.0
1135,5.0
1136,13.0
1137,1.0
1138,31.0
1139,11.0
1140,4.0
1141,10.0
1142,5.0
1143,4.0
1144,21.0
1145,2.0
1146,16.0
1147,9.0
1148,6.0
1149,9.0
1150,7.0
1151,10.0
1152,7.0
1153,28.0
1154,12.0
1155,32.0
1156,1.0
1157,2.0
1158,14.0
1159,17.0
1160,9.0
1161,1.0
1162,16.0
1163,1.0
1164,7.0
1165,17.0
1166,14.0
1167,14.0
1168,9.0
1169,6.0
1170,0.0
1171,0.0
1172,5.0
1173,4.0
1174,15.0
1175,18.0
1176,10.0
1177,12.0
1178,6.0
1179,1.0
1180,0.0
1181,0.0
1182,6.0
1183,17.0
1184,32.0
1185,10.0
1186,3.0
1187,1.0
1188,4.0
1189,12.0
1190,2.0
1191,3.0
1192,8.0
1193,5.0
1194,19.0
1195,4.0
1196,15.0
1197,9.0
1198,4.0
1199,22.0
1200,4.0
1201,4.0
1202,41.0
1203,6.0
1204,1.0
1205,4.0
1206,17.0
1207,40.0
1208,11.0
1209,4.0
1210,38.0
1211,0.0
1212,11.0
1213,17.0
1214,24.0
1215,15.0
1216,10.0
1217,28.0
1218,23.0
1219,24.0
1220,11.0
1221,1.0
1222,0.0
1223,9.0
1224,25.0
1225,0.0
1226,2.0
1227,4.0
1228,15.0
1229,5.0
1230,0.0
1231,0.0
1232,6.0
1233,0.0
1234,0.0
1235,2.0
1236,10.0
1237,11.0
1238,6.0
1239,21.0
1240,7.0
1241,0.0
1242,0.0
1243,9.0
1244,9.0
1245,20.0
1246,16.0
1247,2.0
1248,10.0
1249,0.0
1250,4.0
1251,6.0
1252,7.0
1253,7.0
1254,4.0
1255,19.0
1256,33.0
1257,0.0
1258,1.0
1259,0.0
1260,12.0
1261,1.0
1262,1.0
1263,2.0
1264,12.0
1265,14.0
1266,23.0
1267,0.0
1268,8.0
1269,13.0
1270,14.0
1271,3.0
1272,0.0
1273,38.0
1274,18.0
1275,23.0
1276,31.0
1277,9.0
1278,11.0
1279,23.0
1280,4.0
1281,36.0
1282,5.0
1283,11.0
1284,13.0
1285,14.0
1286,12.0
1287,4.0
1288,7.0
1289,2.0
1290,2.0
1291,1.0
1292,9.0
1293,28.0
1294,0.0
1295,3.0
1296,1.0
1297,9.0
1298,15.0
1299,4.0
1300,21.0
1301,18.0
1302,28.0
1303,17.0
1304,5.0
1305,19.0
1306,10.0
1307,8.0
1308,14.0
1309,1.0
1310,1.0
1311,4.0
1312,12.0
1313,25.0
1314,15.0
1315,6.0
1316,11.0
1317,25.0
1318,13.0
1319,3.0
1320,11.0
1321,33.0
1322,21.0
1323,35.0
1324,0.0
1325,1.0
1326,1.0
1327,7.0
1328,8.0
1329,11.0
1330,12.0
1331,27.0
1332,26.0
1333,1.0
1334,9.0
1335,9.0
1336,11.0
1337,3.0
1338,33.0
1339,13.0
1340,8.0
1341,9.0
1342,16.0
1343,4.0
1344,5.0
1345,4.0
1346,11.0
1347,3.0
1348,9.0
1349,2.0
1350,0.0
1351,20.0
1352,7.0
1353,12.0
1354,4.0
1355,10.0
1356,20.0
1357,4.0
1358,4.0
1359,11.0
1360,7.0
1361,3.0
1362,4.0
1363,3.0
1364,12.0
1365,11.0
1366,21.0
1367,12.0
1368,22.0
1369,15.0
1370,12.0
1371,13.0
1372,35.0
1373,3.0
1374,35.0
1375,12.0
1376,51.0
1377,26.0
1378,18.0
1379,7.0
1380,14.0
1381,11.0
1382,25.0
1383,9.0
1384,16.0
1385,5.0
1386,1.0
1387,12.0
1388,8.0
1389,23.0
1390,17.0
1391,33.0
1392,7.0
1393,27.0
1394,15.0
1395,9.0
1396,32.0
1397,32.0
1398,15.0
1399,12.0
1400,7.0
1401,32.0
1402,8.0
1403,1.0
1404,6.0
1405,28.0
1406,8.0
1407,15.0
1408,5.0
1409,27.0
1410,12.0
1411,28.0
1412,8.0
1413,9.0
1414,0.0
1415,0.0
1416,17.0
1417,11.0
1418,13.0
1419,13.0
1420,4.0
1421,4.0
1422,4.0
1423,6.0
1424,33.0
1425,2.0
1426,10.0
1427,7.0
1428,8.0
1429,8.0
1430,11.0
1431,20.0
1432,18.0
1433,19.0
1434,0.0
1435,28.0
1436,20.0
1437,25.0
1438,10.0
1439,5.0
1440,19.0
1441,12.0
1442,13.0
1443,15.0
1444,11.0
1445,14.0
1446,25.0
1447,2.0
1448,4.0
1449,9.0
1450,13.0
1451,5.0
1452,18.0
1453,2.0
1454,0.0
1455,7.0
1456,8.0
1457,3.0
1458,13.0
1459,25.0
1460,1.0
1461,11.0
1462,18.0
1463,29.0
1464,6.0
1465,28.0
1466,10.0
1467,19.0
1468,3.0
1469,19.0
1470,3.0
1471,7.0
1472,28.0
1473,11.0
1474,15.0
1475,14.0
1476,8.0
1477,9.0
1478,1.0
1479,2.0
1480,0.0
1481,3.0
1482,22.0
1483,10.0
1484,15.0
1485,4.0
1486,14.0
1487,4.0
1488,1.0
1489,9.0
1490,3.0
1491,3.0
1492,13.0
1493,5.0
1494,22.0
1495,7.0
1496,4.0
1497,15.0
1498,7.0
1499,0.0
1500,23.0
1501,3.0
1502,23.0
1503,23.0
1504,28.0
1505,12.0
1506,12.0
1507,0.0
1508,1.0
1509,10.0
1510,5.0
1511,3.0
1512,0.0
1513,7.0
1514,2.0
1515,2.0
1516,13.0
1517,1.0
1518,21.0
1519,28.0
1520,6.0
1521,6.0
1522,15.0
1523,12.0
1524,21.0
1525,5.0
1526,30.0
1527,9.0
1528,11.0
1529,7.0
1530,0.0
1531,6.0
1532,20.0
1533,20.0
1534,9.0
1535,15.0
1536,25.0
1537,18.0
1538,5.0
1539,11.0
1540,16.0
1541,24.0
1542,22.0
1543,24.0
1544,28.0
1545,1.0
1546,11.0
1547,6.0
1548,5.0
1549,42.0
1550,4.0
1551,4.0
1552,15.0
1553,9.0
1554,26.0
1555,18.0
1556,13.0
1557,40.0
1558,0.0
1559,4.0
1560,3.0
1561,7.0
1562,32.0
1563,24.0
1564,24.0
1565,8.0
1566,1.0
1567,4.0
1568,13.0
1569,7.0
1570,6.0
1571,9.0
1572,13.0
1573,28.0
1574,10.0
1575,10.0
1576,18.0
1577,18.0
1578,7.0
1579,0.0
1580,6.0
1581,15.0
1582,0.0
1583,37.0
1584,28.0
1585,3.0
1586,6.0
1587,9.0
1588,7.0
1589,18.0
1590,10.0
1591,9.0
1592,2.0
1593,25.0
1594,20.0
1595,14.0
1596,6.0
1597,14.0
1598,3.0
1599,13.0
1600,17.0
1601,16.0
1602,0.0
1603,4.0
1604,5.0
1605,6.0
1606,12.0
1607,5.0
1608,12.0
1609,36.0
1610,16.0
1611,3.0
1612,11.0
1613,35.0
1614,7.0
1615,3.0
1616,18.0
1617,2.0
1618,1.0
1619,4.0
1620,38.0
1621,4.0
1622,11.0
1623,21.0
1624,11.0
1625,4.0
1626,13.0
1627,12.0
1628,3.0
1629,2.0
1630,4.0
1631,18.0
1632,6.0
1633,7.0
1634,31.0
1635,16.0
1636,37.0
1637,14.0
1638,0.0
1639,4.0
1640,22.0
1641,1.0
1642,4.0
1643,19.0
1644,0.0
1645,8.0
1646,4.0
1647,25.0
1648,7.0
1649,14.0
1650,7.0
1651,0.0
1652,26.0
1653,18.0
1654,19.0
1655,14.0
1656,0.0
1657,11.0
1658,1.0
1659,14.0
1660,6.0
1661,8.0
1662,4.0
1663,6.0
1664,30.0
1665,9.0
1666,25.0
1667,5.0
1668,16.0
1669,7.0
1670,3.0
1671,11.0
1672,6.0
1673,11.0
1674,8.0
1675,11.0
1676,17.0
1677,27.0
1678,13.0
1679,9.0
1680,1.0
1681,18.0
1682,16.0
1683,11.0
1684,0.0
1685,4.0
1686,6.0
1687,10.0
1688,3.0
1689,2.0
1690,13.0
1691,10.0
1692,15.0
1693,7.0
1694,0.0
1695,6.0
1696,16.0
1697,3.0
1698,10.0
1699,9.0
1700,17.0
1701,7.0
1702,0.0
1703,10.0
1704,10.0
1705,10.0
1706,3.0
1707,14.0
1708,11.0
1709,15.0
1710,1.0
1711,2.0
1712,13.0
1713,11.0
1714,11.0
1715,7.0
1716,24.0
1717,6.0
1718,6.0
1719,13.0
1720,13.0
1721,11.0
1722,10.0
1723,17.0
1724,5.0
1725,11.0
1726,13.0
1727,28.0
1728,6.0
1729,19.0
1730,10.0
1731,4.0
1732,7.0
1733,4.0
1734,26.0
1735,16.0
1736,25.0
1737,21.0
1738,13.0
1739,0.0
1740,12.0
1741,19.0
1742,2.0
1743,5.0
1744,25.0
1745,20.0
1746,4.0
1747,6.0
1748,10.0
1749,35.0
1750,8.0
1751,9.0
1752,10.0
1753,10.0
1754,15.0
1755,10.0
1756,33.0
1757,4.0
1758,9.0
1759,12.0
1760,31.0
1761,34.0
1762,32.0
1763,24.0
1764,14.0
1765,5.0
1766,13.0
1767,2.0
1768,19.0
1769,0.0
1770,11.0
1771,18.0
1772,12.0
1773,0.0
1774,9.0
1775,3.0
1776,41.0
1777,4.0
1778,0.0
1779,0.0
1780,2.0
1781,5.0
1782,4.0
1783,0.0
1784,3.0
1785,12.0
1786,5.0
1787,3.0
1788,56.0
1789,2.0
1790,15.0
1791,14.0
1792,2.0
1793,21.0
1794,30.0
1795,14.0
1796,0.0
1797,11.0
1798,0.0
1799,20.0
1800,7.0
1801,9.0
1802,1.0
1803,4.0
1804,6.0
1805,3.0
1806,15.0
1807,6.0
1808,12.0
1809,4.0
1810,3.0
1811,31.0
1812,3.0
1813,2.0
1814,7.0
1815,2.0
1816,6.0
1817,1.0
1818,11.0
1819,0.0
1820,4.0
1821,12.0
1822,4.0
1823,33.0
1824,11.0
1825,6.0
1826,12.0
1827,1.0
1828,20.0
1829,14.0
1830,4.0
1831,16.0
1832,6.0
1833,19.0
1834,3.0
1835,6.0
1836,3.0
1837,10.0
1838,3.0
1839,1.0
1840,4.0
1841,5.0
1842,13.0
1843,5.0
1844,7.0
1845,20.0
1846,15.0
1847,28.0
1848,5.0
1849,6.0
